detector,scenario,true_label,predicted,score,correct,latency_ms,repeat
HyFD,no_failure,0,0,0.1784322852747857,1,597.632884979248,0
HyFD,no_failure,0,0,0.182640382296806,1,616.9936656951904,1
HyFD,no_failure,0,0,0.17745133797991355,1,573.704719543457,2
HyFD,no_failure,0,0,0.18152158263145338,1,583.200216293335,3
HyFD,no_failure,0,0,0.1810537529466317,1,599.1363525390625,4
HyFD,no_failure,0,0,0.1879581449169849,1,512.6121044158936,5
HyFD,no_failure,0,0,0.178861620759958,1,463.0458354949951,6
HyFD,no_failure,0,0,0.18004215676663896,1,476.7577648162842,7
HyFD,no_failure,0,0,0.17996605180495998,1,533.05983543396,8
HyFD,no_failure,0,0,0.18224032241093857,1,462.8880023956299,9
HyFD,no_failure,0,0,0.17658252169153665,1,459.14363861083984,10
HyFD,no_failure,0,0,0.18310053744100974,1,452.5601863861084,11
HyFD,no_failure,0,0,0.17984129823972614,1,445.73235511779785,12
HyFD,no_failure,0,0,0.1822084950270952,1,466.4027690887451,13
HyFD,no_failure,0,0,0.1836315672132946,1,459.03944969177246,14
HyFD,no_failure,0,0,0.17849561585933796,1,450.8209228515625,15
HyFD,no_failure,0,0,0.18464187941969115,1,436.77592277526855,16
HyFD,no_failure,0,0,0.18409695360619827,1,470.6401824951172,17
HyFD,no_failure,0,0,0.18032633287750402,1,467.2069549560547,18
HyFD,no_failure,0,0,0.17793517933770012,1,461.77220344543457,19
HyFD,data_drift,1,1,0.6009464058709313,1,509.4187259674072,0
HyFD,data_drift,1,1,0.6034392528787486,1,488.29054832458496,1
HyFD,data_drift,1,1,0.602363292622368,1,483.66522789001465,2
HyFD,data_drift,1,1,0.6020727119955555,1,492.13504791259766,3
HyFD,data_drift,1,1,0.6027431631128007,1,501.3613700866699,4
HyFD,data_drift,1,1,0.6043441036864019,1,501.06263160705566,5
HyFD,data_drift,1,1,0.6016820764296348,1,525.0544548034668,6
HyFD,data_drift,1,1,0.6033151002626573,1,496.42372131347656,7
HyFD,data_drift,1,1,0.6036822459746333,1,522.721529006958,8
HyFD,data_drift,1,1,0.6030114601403618,1,485.46862602233887,9
HyFD,data_drift,1,1,0.6016585932729077,1,511.63315773010254,10
HyFD,data_drift,1,1,0.6023053450801555,1,507.3111057281494,11
HyFD,data_drift,1,1,0.6029986090576759,1,474.4749069213867,12
HyFD,data_drift,1,1,0.6030230699178145,1,483.7515354156494,13
HyFD,data_drift,1,1,0.6020220293255882,1,478.360652923584,14
HyFD,data_drift,1,1,0.6033190933204242,1,490.250825881958,15
HyFD,data_drift,1,1,0.6023767121375283,1,543.123722076416,16
HyFD,data_drift,1,1,0.6020522259278818,1,477.095365524292,17
HyFD,data_drift,1,1,0.600992968249397,1,492.9468631744385,18
HyFD,data_drift,1,1,0.6039335595055055,1,503.1559467315674,19
HyFD,noisy_features,1,1,0.680367999969632,1,483.4263324737549,0
HyFD,noisy_features,1,1,0.680383999969616,1,482.09190368652344,1
HyFD,noisy_features,1,1,0.6803999999696,1,486.041784286499,2
HyFD,noisy_features,1,1,0.680383999969616,1,480.67378997802734,3
HyFD,noisy_features,1,1,0.680375999969624,1,496.959924697876,4
HyFD,noisy_features,1,1,0.680391999969608,1,514.8108005523682,5
HyFD,noisy_features,1,1,0.680391999969608,1,493.85547637939453,6
HyFD,noisy_features,1,1,0.680383999969616,1,480.9699058532715,7
HyFD,noisy_features,1,1,0.680367999969632,1,487.8823757171631,8
HyFD,noisy_features,1,1,0.680367999969632,1,488.8744354248047,9
HyFD,noisy_features,1,1,0.680375999969624,1,474.57289695739746,10
HyFD,noisy_features,1,1,0.680375999969624,1,499.1750717163086,11
HyFD,noisy_features,1,1,0.680383999969616,1,486.7265224456787,12
HyFD,noisy_features,1,1,0.68035999996964,1,506.7484378814697,13
HyFD,noisy_features,1,1,0.68035999996964,1,504.89306449890137,14
HyFD,noisy_features,1,1,0.680383999969616,1,491.0459518432617,15
HyFD,noisy_features,1,1,0.6803999999696,1,505.79118728637695,16
HyFD,noisy_features,1,1,0.680375999969624,1,482.21540451049805,17
HyFD,noisy_features,1,1,0.680383999969616,1,482.0680618286133,18
HyFD,noisy_features,1,1,0.680391999969608,1,509.77444648742676,19
HyFD,missing_data,1,1,0.37270150446981565,1,464.9829864501953,0
HyFD,missing_data,1,1,0.3719379470875607,1,474.6220111846924,1
HyFD,missing_data,1,1,0.3732725822994447,1,454.2970657348633,2
HyFD,missing_data,1,1,0.3711341109450097,1,479.4178009033203,3
HyFD,missing_data,1,1,0.3729485360185401,1,498.58641624450684,4
HyFD,missing_data,1,1,0.3705866047873381,1,508.8365077972412,5
HyFD,missing_data,1,1,0.3715874001221032,1,459.7640037536621,6
HyFD,missing_data,1,1,0.37114431906260525,1,480.75294494628906,7
HyFD,missing_data,1,1,0.3722974752094765,1,459.2015743255615,8
HyFD,missing_data,1,1,0.37299335989876814,1,468.8999652862549,9
HyFD,missing_data,1,1,0.3708083392064613,1,456.03418350219727,10
HyFD,missing_data,1,1,0.3722000168115947,1,460.2952003479004,11
HyFD,missing_data,1,1,0.3724988167779122,1,461.9278907775879,12
HyFD,missing_data,1,1,0.3709745097987536,1,457.20911026000977,13
HyFD,missing_data,1,1,0.3718442166422414,1,462.1233940124512,14
HyFD,missing_data,1,1,0.372229646696979,1,454.87236976623535,15
HyFD,missing_data,1,1,0.3734412674597414,1,489.4599914550781,16
HyFD,missing_data,1,1,0.3721505522339925,1,460.22605895996094,17
HyFD,missing_data,1,1,0.3716139081052209,1,457.87668228149414,18
HyFD,missing_data,1,1,0.37237793250520224,1,465.8498764038086,19
HyFD,ood_samples,1,1,0.5934557332551181,1,508.2380771636963,0
HyFD,ood_samples,1,1,0.5936377468313281,1,503.4031867980957,1
HyFD,ood_samples,1,1,0.5944943733760003,1,495.0246810913086,2
HyFD,ood_samples,1,1,0.5937505207962224,1,535.3221893310547,3
HyFD,ood_samples,1,1,0.5936799590638638,1,529.7958850860596,4
HyFD,ood_samples,1,1,0.5940892967792261,1,510.59675216674805,5
HyFD,ood_samples,1,1,0.5929391613720448,1,537.2493267059326,6
HyFD,ood_samples,1,1,0.5941505888806317,1,504.93431091308594,7
HyFD,ood_samples,1,1,0.5937149952504446,1,524.1596698760986,8
HyFD,ood_samples,1,1,0.5939541099693887,1,506.1831474304199,9
HyFD,ood_samples,1,1,0.5934435906993801,1,507.6947212219238,10
HyFD,ood_samples,1,1,0.5937191582076261,1,485.54229736328125,11
HyFD,ood_samples,1,1,0.5943914956208166,1,506.36792182922363,12
HyFD,ood_samples,1,1,0.5939685163186836,1,499.1433620452881,13
HyFD,ood_samples,1,1,0.5941806311438415,1,495.8200454711914,14
HyFD,ood_samples,1,1,0.594036984288914,1,528.754711151123,15
HyFD,ood_samples,1,1,0.5936336394532769,1,509.7036361694336,16
HyFD,ood_samples,1,1,0.5944927099599178,1,505.7234764099121,17
HyFD,ood_samples,1,1,0.5942712137091116,1,522.1612453460693,18
HyFD,ood_samples,1,1,0.5940525308007416,1,513.8413906097412,19
HyFD,corrupted_data,1,1,0.564485243130649,1,443.6383247375488,0
HyFD,corrupted_data,1,1,0.5652819429191566,1,452.59976387023926,1
HyFD,corrupted_data,1,1,0.5648817331671877,1,478.0442714691162,2
HyFD,corrupted_data,1,1,0.5635788192039971,1,453.5644054412842,3
HyFD,corrupted_data,1,1,0.5654490995864105,1,495.8462715148926,4
HyFD,corrupted_data,1,1,0.5650790070986653,1,465.1780128479004,5
HyFD,corrupted_data,1,1,0.5641993267578996,1,472.61810302734375,6
HyFD,corrupted_data,1,1,0.5646566041751773,1,450.9108066558838,7
HyFD,corrupted_data,1,1,0.5637112191557098,1,489.87627029418945,8
HyFD,corrupted_data,1,1,0.5643206576651503,1,459.17391777038574,9
HyFD,corrupted_data,1,1,0.5642710369301406,1,456.32028579711914,10
HyFD,corrupted_data,1,1,0.5649158805972723,1,474.8663902282715,11
HyFD,corrupted_data,1,1,0.5639184964722515,1,460.59441566467285,12
HyFD,corrupted_data,1,1,0.5647190034380118,1,481.14991188049316,13
HyFD,corrupted_data,1,1,0.5645042529991757,1,456.9876194000244,14
HyFD,corrupted_data,1,1,0.5647561213624459,1,450.5159854888916,15
HyFD,corrupted_data,1,1,0.5645689578969058,1,444.61965560913086,16
HyFD,corrupted_data,1,1,0.5655987269891442,1,454.53333854675293,17
HyFD,corrupted_data,1,1,0.5638356961046231,1,452.4812698364258,18
HyFD,corrupted_data,1,1,0.5646699666000463,1,446.63095474243164,19
DriftOnly,no_failure,0,0,0.0,1,15.585899353027344,0
DriftOnly,no_failure,0,0,0.0,1,15.92564582824707,1
DriftOnly,no_failure,0,0,0.0,1,16.227245330810547,2
DriftOnly,no_failure,0,0,0.0,1,15.351295471191406,3
DriftOnly,no_failure,0,0,0.0,1,15.030145645141602,4
DriftOnly,no_failure,0,0,0.0,1,15.367746353149414,5
DriftOnly,no_failure,0,0,0.0,1,15.689849853515625,6
DriftOnly,no_failure,0,0,0.0,1,15.404462814331055,7
DriftOnly,no_failure,0,0,0.0,1,15.854358673095703,8
DriftOnly,no_failure,0,0,0.0,1,15.736103057861328,9
DriftOnly,no_failure,0,0,0.0,1,16.750097274780273,10
DriftOnly,no_failure,0,0,0.0,1,16.298294067382812,11
DriftOnly,no_failure,0,0,0.0,1,15.571355819702148,12
DriftOnly,no_failure,0,0,0.0,1,16.810894012451172,13
DriftOnly,no_failure,0,0,0.0,1,15.53654670715332,14
DriftOnly,no_failure,0,0,0.0,1,15.792608261108398,15
DriftOnly,no_failure,0,0,0.0,1,16.68834686279297,16
DriftOnly,no_failure,0,0,0.0,1,15.523195266723633,17
DriftOnly,no_failure,0,0,0.0,1,15.02370834350586,18
DriftOnly,no_failure,0,0,0.0,1,15.269041061401367,19
DriftOnly,data_drift,1,1,0.6,1,59.87215042114258,0
DriftOnly,data_drift,1,1,0.6,1,58.96496772766113,1
DriftOnly,data_drift,1,1,0.6,1,59.94153022766113,2
DriftOnly,data_drift,1,1,0.6,1,63.062429428100586,3
DriftOnly,data_drift,1,1,0.6,1,61.58924102783203,4
DriftOnly,data_drift,1,1,0.6,1,62.56270408630371,5
DriftOnly,data_drift,1,1,0.6,1,63.47084045410156,6
DriftOnly,data_drift,1,1,0.6,1,60.569047927856445,7
DriftOnly,data_drift,1,1,0.6,1,60.947418212890625,8
DriftOnly,data_drift,1,1,0.6,1,58.812856674194336,9
DriftOnly,data_drift,1,1,0.6,1,59.2041015625,10
DriftOnly,data_drift,1,1,0.6,1,65.22727012634277,11
DriftOnly,data_drift,1,1,0.6,1,63.27462196350098,12
DriftOnly,data_drift,1,1,0.6,1,64.8186206817627,13
DriftOnly,data_drift,1,1,0.6,1,62.587738037109375,14
DriftOnly,data_drift,1,1,0.6,1,61.56110763549805,15
DriftOnly,data_drift,1,1,0.6,1,61.85626983642578,16
DriftOnly,data_drift,1,1,0.6,1,59.31282043457031,17
DriftOnly,data_drift,1,1,0.6,1,59.411048889160156,18
DriftOnly,data_drift,1,1,0.6,1,60.24885177612305,19
DriftOnly,noisy_features,1,1,1.0,1,59.94892120361328,0
DriftOnly,noisy_features,1,1,1.0,1,59.926748275756836,1
DriftOnly,noisy_features,1,1,1.0,1,59.57770347595215,2
DriftOnly,noisy_features,1,1,1.0,1,60.327768325805664,3
DriftOnly,noisy_features,1,1,1.0,1,61.07640266418457,4
DriftOnly,noisy_features,1,1,1.0,1,62.46781349182129,5
DriftOnly,noisy_features,1,1,1.0,1,62.27254867553711,6
DriftOnly,noisy_features,1,1,1.0,1,59.406280517578125,7
DriftOnly,noisy_features,1,1,1.0,1,60.06646156311035,8
DriftOnly,noisy_features,1,1,1.0,1,60.97149848937988,9
DriftOnly,noisy_features,1,1,1.0,1,59.19981002807617,10
DriftOnly,noisy_features,1,1,1.0,1,60.69374084472656,11
DriftOnly,noisy_features,1,1,1.0,1,60.0895881652832,12
DriftOnly,noisy_features,1,1,1.0,1,60.95075607299805,13
DriftOnly,noisy_features,1,1,1.0,1,62.3629093170166,14
DriftOnly,noisy_features,1,1,1.0,1,63.14444541931152,15
DriftOnly,noisy_features,1,1,1.0,1,64.89419937133789,16
DriftOnly,noisy_features,1,1,1.0,1,65.15216827392578,17
DriftOnly,noisy_features,1,1,1.0,1,65.53888320922852,18
DriftOnly,noisy_features,1,1,1.0,1,64.46313858032227,19
DriftOnly,missing_data,1,1,1.0,1,37.75811195373535,0
DriftOnly,missing_data,1,1,1.0,1,35.84408760070801,1
DriftOnly,missing_data,1,1,1.0,1,35.29691696166992,2
DriftOnly,missing_data,1,1,1.0,1,35.4306697845459,3
DriftOnly,missing_data,1,1,1.0,1,36.03076934814453,4
DriftOnly,missing_data,1,1,1.0,1,35.462379455566406,5
DriftOnly,missing_data,1,1,1.0,1,36.18621826171875,6
DriftOnly,missing_data,1,1,1.0,1,35.323143005371094,7
DriftOnly,missing_data,1,1,1.0,1,40.00496864318848,8
DriftOnly,missing_data,1,1,1.0,1,39.145708084106445,9
DriftOnly,missing_data,1,1,1.0,1,36.47041320800781,10
DriftOnly,missing_data,1,1,1.0,1,36.396026611328125,11
DriftOnly,missing_data,1,1,1.0,1,36.948442459106445,12
DriftOnly,missing_data,1,1,1.0,1,39.09707069396973,13
DriftOnly,missing_data,1,1,1.0,1,38.13910484313965,14
DriftOnly,missing_data,1,1,1.0,1,39.02554512023926,15
DriftOnly,missing_data,1,1,1.0,1,37.94670104980469,16
DriftOnly,missing_data,1,1,1.0,1,36.39841079711914,17
DriftOnly,missing_data,1,1,1.0,1,35.886287689208984,18
DriftOnly,missing_data,1,1,1.0,1,39.20769691467285,19
DriftOnly,ood_samples,1,1,1.0,1,81.61520957946777,0
DriftOnly,ood_samples,1,1,1.0,1,84.02323722839355,1
DriftOnly,ood_samples,1,1,1.0,1,77.79169082641602,2
DriftOnly,ood_samples,1,1,1.0,1,77.29673385620117,3
DriftOnly,ood_samples,1,1,1.0,1,76.83801651000977,4
DriftOnly,ood_samples,1,1,1.0,1,77.82769203186035,5
DriftOnly,ood_samples,1,1,1.0,1,80.59048652648926,6
DriftOnly,ood_samples,1,1,1.0,1,76.81155204772949,7
DriftOnly,ood_samples,1,1,1.0,1,78.2155990600586,8
DriftOnly,ood_samples,1,1,1.0,1,78.74083518981934,9
DriftOnly,ood_samples,1,1,1.0,1,78.88054847717285,10
DriftOnly,ood_samples,1,1,1.0,1,80.30366897583008,11
DriftOnly,ood_samples,1,1,1.0,1,77.27527618408203,12
DriftOnly,ood_samples,1,1,1.0,1,84.22517776489258,13
DriftOnly,ood_samples,1,1,1.0,1,82.26323127746582,14
DriftOnly,ood_samples,1,1,1.0,1,78.5531997680664,15
DriftOnly,ood_samples,1,1,1.0,1,86.33971214294434,16
DriftOnly,ood_samples,1,1,1.0,1,76.9660472869873,17
DriftOnly,ood_samples,1,1,1.0,1,77.33917236328125,18
DriftOnly,ood_samples,1,1,1.0,1,76.68948173522949,19
DriftOnly,corrupted_data,1,1,1.0,1,25.925874710083008,0
DriftOnly,corrupted_data,1,1,1.0,1,25.420665740966797,1
DriftOnly,corrupted_data,1,1,1.0,1,25.441408157348633,2
DriftOnly,corrupted_data,1,1,1.0,1,25.255680084228516,3
DriftOnly,corrupted_data,1,1,1.0,1,26.463031768798828,4
DriftOnly,corrupted_data,1,1,1.0,1,26.743650436401367,5
DriftOnly,corrupted_data,1,1,1.0,1,26.856660842895508,6
DriftOnly,corrupted_data,1,1,1.0,1,26.020288467407227,7
DriftOnly,corrupted_data,1,1,1.0,1,26.803016662597656,8
DriftOnly,corrupted_data,1,1,1.0,1,26.57032012939453,9
DriftOnly,corrupted_data,1,1,1.0,1,27.915239334106445,10
DriftOnly,corrupted_data,1,1,1.0,1,29.287099838256836,11
DriftOnly,corrupted_data,1,1,1.0,1,28.883695602416992,12
DriftOnly,corrupted_data,1,1,1.0,1,25.304555892944336,13
DriftOnly,corrupted_data,1,1,1.0,1,26.55816078186035,14
DriftOnly,corrupted_data,1,1,1.0,1,25.549650192260742,15
DriftOnly,corrupted_data,1,1,1.0,1,28.25188636779785,16
DriftOnly,corrupted_data,1,1,1.0,1,25.59041976928711,17
DriftOnly,corrupted_data,1,1,1.0,1,26.812076568603516,18
DriftOnly,corrupted_data,1,1,1.0,1,25.508403778076172,19
UncertaintyOnly,no_failure,0,0,0.09823639190529143,1,58.34698677062988,0
UncertaintyOnly,no_failure,0,0,0.09533716856839201,1,57.60502815246582,1
UncertaintyOnly,no_failure,0,0,0.08930857559766009,1,58.3643913269043,2
UncertaintyOnly,no_failure,0,0,0.09937991358292236,1,59.63921546936035,3
UncertaintyOnly,no_failure,0,0,0.09032771203487328,1,57.68418312072754,4
UncertaintyOnly,no_failure,0,0,0.10393042212494707,1,57.80029296875,5
UncertaintyOnly,no_failure,0,0,0.0961817880932003,1,58.545827865600586,6
UncertaintyOnly,no_failure,0,0,0.09939442282174954,1,57.43145942687988,7
UncertaintyOnly,no_failure,0,0,0.10080882006118716,1,56.43773078918457,8
UncertaintyOnly,no_failure,0,0,0.10183879766062404,1,55.19390106201172,9
UncertaintyOnly,no_failure,0,0,0.09304140148696122,1,57.07383155822754,10
UncertaintyOnly,no_failure,0,0,0.10248429646281058,1,58.54535102844238,11
UncertaintyOnly,no_failure,0,0,0.09287018453665419,1,57.92069435119629,12
UncertaintyOnly,no_failure,0,0,0.0980947026828011,1,57.21592903137207,13
UncertaintyOnly,no_failure,0,0,0.09836176157714893,1,56.03313446044922,14
UncertaintyOnly,no_failure,0,0,0.09746795331620989,1,58.42423439025879,15
UncertaintyOnly,no_failure,0,0,0.10095222463904105,1,56.76698684692383,16
UncertaintyOnly,no_failure,0,0,0.09725727009648512,1,59.65018272399902,17
UncertaintyOnly,no_failure,0,0,0.10025898605935682,1,56.113481521606445,18
UncertaintyOnly,no_failure,0,0,0.09185493167677883,1,57.31344223022461,19
UncertaintyOnly,data_drift,1,1,0.6325709572260327,1,57.13367462158203,0
UncertaintyOnly,data_drift,1,1,0.6469671645226514,1,57.977914810180664,1
UncertaintyOnly,data_drift,1,1,0.6407476089859319,1,60.709476470947266,2
UncertaintyOnly,data_drift,1,1,0.6389012469381781,1,57.74831771850586,3
UncertaintyOnly,data_drift,1,1,0.6428902233045082,1,56.90932273864746,4
UncertaintyOnly,data_drift,1,1,0.6527392699421624,1,57.29866027832031,5
UncertaintyOnly,data_drift,1,1,0.636730482015853,1,57.53278732299805,6
UncertaintyOnly,data_drift,1,1,0.6466634261722899,1,57.40189552307129,7
UncertaintyOnly,data_drift,1,1,0.6487309253784294,1,57.08456039428711,8
UncertaintyOnly,data_drift,1,1,0.6447410737292107,1,57.068824768066406,9
UncertaintyOnly,data_drift,1,1,0.6366899936597312,1,58.18605422973633,10
UncertaintyOnly,data_drift,1,1,0.6406379164305159,1,57.88993835449219,11
UncertaintyOnly,data_drift,1,1,0.6446865482809812,1,59.60536003112793,12
UncertaintyOnly,data_drift,1,1,0.6447714332232106,1,57.210683822631836,13
UncertaintyOnly,data_drift,1,1,0.638747792130471,1,56.42509460449219,14
UncertaintyOnly,data_drift,1,1,0.6466320280949638,1,58.64071846008301,15
UncertaintyOnly,data_drift,1,1,0.6407827009324962,1,59.41605567932129,16
UncertaintyOnly,data_drift,1,1,0.6388476760018569,1,57.99055099487305,17
UncertaintyOnly,data_drift,1,1,0.6326717975998182,1,57.306528091430664,18
UncertaintyOnly,data_drift,1,1,0.6505164441186384,1,56.09941482543945,19
UncertaintyOnly,noisy_features,1,1,0.9872553867102509,1,57.04832077026367,0
UncertaintyOnly,noisy_features,1,1,0.9831536580764502,1,56.4723014831543,1
UncertaintyOnly,noisy_features,1,1,0.9893204084009124,1,57.70516395568848,2
UncertaintyOnly,noisy_features,1,1,0.9912585027111618,1,57.56020545959473,3
UncertaintyOnly,noisy_features,1,1,0.983124680534943,1,55.275678634643555,4
UncertaintyOnly,noisy_features,1,1,0.9912974801040867,1,57.19566345214844,5
UncertaintyOnly,noisy_features,1,1,0.9852215745223893,1,60.35256385803223,6
UncertaintyOnly,noisy_features,1,1,0.9831500408028035,1,58.548688888549805,7
UncertaintyOnly,noisy_features,1,1,0.9871360894415646,1,57.718753814697266,8
UncertaintyOnly,noisy_features,1,1,0.9852039963083212,1,57.31463432312012,9
UncertaintyOnly,noisy_features,1,1,0.9892201197105558,1,58.565616607666016,10
UncertaintyOnly,noisy_features,1,1,0.9890841573729775,1,58.08854103088379,11
UncertaintyOnly,noisy_features,1,1,0.9892479480342351,1,59.32426452636719,12
UncertaintyOnly,noisy_features,1,1,0.9852806284249024,1,58.11929702758789,13
UncertaintyOnly,noisy_features,1,1,0.98916273487897,1,56.5798282623291,14
UncertaintyOnly,noisy_features,1,1,0.9871347896390407,1,56.35428428649902,15
UncertaintyOnly,noisy_features,1,1,0.9873336576166546,1,58.345794677734375,16
UncertaintyOnly,noisy_features,1,1,0.985235539437894,1,57.63697624206543,17
UncertaintyOnly,noisy_features,1,1,0.9873099321921591,1,59.22222137451172,18
UncertaintyOnly,noisy_features,1,1,0.9891501055500829,1,60.88447570800781,19
UncertaintyOnly,missing_data,1,1,0.47812852604693745,1,57.84320831298828,0
UncertaintyOnly,missing_data,1,1,0.47430360542297223,1,58.11762809753418,1
UncertaintyOnly,missing_data,1,1,0.4766234219450868,1,56.14328384399414,2
UncertaintyOnly,missing_data,1,1,0.47216900455353505,1,57.83271789550781,3
UncertaintyOnly,missing_data,1,1,0.4788216705838836,1,56.89430236816406,4
UncertaintyOnly,missing_data,1,1,0.4715432391178931,1,57.990074157714844,5
UncertaintyOnly,missing_data,1,1,0.4737452194965912,1,57.328224182128906,6
UncertaintyOnly,missing_data,1,1,0.47258297966843554,1,57.13772773742676,7
UncertaintyOnly,missing_data,1,1,0.46829029855419213,1,57.97886848449707,8
UncertaintyOnly,missing_data,1,1,0.4822937846628392,1,56.46347999572754,9
UncertaintyOnly,missing_data,1,1,0.46991249621352954,1,57.64603614807129,10
UncertaintyOnly,missing_data,1,1,0.4723608423245862,1,57.11531639099121,11
UncertaintyOnly,missing_data,1,1,0.4764807097396599,1,58.4864616394043,12
UncertaintyOnly,missing_data,1,1,0.4720027197438626,1,57.20376968383789,13
UncertaintyOnly,missing_data,1,1,0.4740081382940491,1,57.2662353515625,14
UncertaintyOnly,missing_data,1,1,0.47284159430822614,1,56.99920654296875,15
UncertaintyOnly,missing_data,1,1,0.476053789635953,1,57.29198455810547,16
UncertaintyOnly,missing_data,1,1,0.4744588559936209,1,60.526371002197266,17
UncertaintyOnly,missing_data,1,1,0.46997923410067743,1,58.69245529174805,18
UncertaintyOnly,missing_data,1,1,0.47655465665267127,1,65.89484214782715,19
UncertaintyOnly,ood_samples,1,1,0.5438979671177953,1,54.445743560791016,0
UncertaintyOnly,ood_samples,1,1,0.5443739314588322,1,56.76126480102539,1
UncertaintyOnly,ood_samples,1,1,0.5488706753295511,1,59.72003936767578,2
UncertaintyOnly,ood_samples,1,1,0.5446688346578396,1,60.29558181762695,3
UncertaintyOnly,ood_samples,1,1,0.5456126516373896,1,59.13710594177246,4
UncertaintyOnly,ood_samples,1,1,0.5466830671525991,1,58.5935115814209,5
UncertaintyOnly,ood_samples,1,1,0.5414187994782084,1,57.80792236328125,6
UncertaintyOnly,ood_samples,1,1,0.5468433456068976,1,58.9597225189209,7
UncertaintyOnly,ood_samples,1,1,0.5445759355821871,1,69.23413276672363,8
UncertaintyOnly,ood_samples,1,1,0.546329554506999,1,57.05857276916504,9
UncertaintyOnly,ood_samples,1,1,0.5427378789523016,1,57.96051025390625,10
UncertaintyOnly,ood_samples,1,1,0.5445868216886682,1,59.13805961608887,11
UncertaintyOnly,ood_samples,1,1,0.5474733151961511,1,60.312509536743164,12
UncertaintyOnly,ood_samples,1,1,0.5463672270185318,1,58.66599082946777,13
UncertaintyOnly,ood_samples,1,1,0.5469219059336035,1,56.80727958679199,14
UncertaintyOnly,ood_samples,1,1,0.5465462703240449,1,57.70158767700195,15
UncertaintyOnly,ood_samples,1,1,0.5454915261510979,1,58.79616737365723,16
UncertaintyOnly,ood_samples,1,1,0.5477379900474277,1,57.18255043029785,17
UncertaintyOnly,ood_samples,1,1,0.5482871142237896,1,57.13486671447754,18
UncertaintyOnly,ood_samples,1,1,0.5465869243533293,1,57.06477165222168,19
UncertaintyOnly,corrupted_data,1,0,0.41240292666613304,0,57.06501007080078,0
UncertaintyOnly,corrupted_data,1,0,0.41674296245165143,0,57.32321739196777,1
UncertaintyOnly,corrupted_data,1,0,0.41456808104282816,0,57.77907371520996,2
UncertaintyOnly,corrupted_data,1,0,0.40777596295910973,0,57.33537673950195,3
UncertaintyOnly,corrupted_data,1,0,0.4171800760705152,0,56.915283203125,4
UncertaintyOnly,corrupted_data,1,0,0.41508395111557056,0,57.404518127441406,5
UncertaintyOnly,corrupted_data,1,0,0.41052692171508776,0,57.21855163574219,6
UncertaintyOnly,corrupted_data,1,0,0.4128510347047569,0,56.52308464050293,7
UncertaintyOnly,corrupted_data,1,0,0.4069938525288107,0,57.741641998291016,8
UncertaintyOnly,corrupted_data,1,0,0.4108442012637867,0,57.75046348571777,9
UncertaintyOnly,corrupted_data,1,0,0.41071444335818197,0,56.69879913330078,10
UncertaintyOnly,corrupted_data,1,0,0.41465737635473165,0,58.05468559265137,11
UncertaintyOnly,corrupted_data,1,0,0.4097925523090519,0,57.13486671447754,12
UncertaintyOnly,corrupted_data,1,0,0.4141425438388069,0,57.3580265045166,13
UncertaintyOnly,corrupted_data,1,0,0.41245263735109927,0,57.505130767822266,14
UncertaintyOnly,corrupted_data,1,0,0.41423960697449036,0,57.59167671203613,15
UncertaintyOnly,corrupted_data,1,0,0.412621840246022,0,58.821916580200195,16
UncertaintyOnly,corrupted_data,1,0,0.4186996862341227,0,57.146549224853516,17
UncertaintyOnly,corrupted_data,1,0,0.4084476944160699,0,49.95322227478027,18
UncertaintyOnly,corrupted_data,1,0,0.414014312820249,0,58.51149559020996,19
QualityOnly,no_failure,0,0,0.0002,1,0.1499652862548828,0
QualityOnly,no_failure,0,0,0.0002,1,0.13518333435058594,1
QualityOnly,no_failure,0,0,0.0002,1,0.12493133544921875,2
QualityOnly,no_failure,0,0,0.0002,1,0.2510547637939453,3
QualityOnly,no_failure,0,0,0.0002,1,0.15997886657714844,4
QualityOnly,no_failure,0,0,0.0002,1,0.156402587890625,5
QualityOnly,no_failure,0,0,0.0002,1,0.17881393432617188,6
QualityOnly,no_failure,0,0,0.0002,1,0.1552104949951172,7
QualityOnly,no_failure,0,0,0.0002,1,0.1499652862548828,8
QualityOnly,no_failure,0,0,0.0002,1,0.11801719665527344,9
QualityOnly,no_failure,0,0,0.0002,1,0.13899803161621094,10
QualityOnly,no_failure,0,0,0.0002,1,0.1513957977294922,11
QualityOnly,no_failure,0,0,0.0002,1,0.13589859008789062,12
QualityOnly,no_failure,0,0,0.0002,1,0.11801719665527344,13
QualityOnly,no_failure,0,0,0.0002,1,0.12135505676269531,14
QualityOnly,no_failure,0,0,0.0002,1,0.11754035949707031,15
QualityOnly,no_failure,0,0,0.0002,1,0.11801719665527344,16
QualityOnly,no_failure,0,0,0.0002,1,0.11587142944335938,17
QualityOnly,no_failure,0,0,0.0002,1,0.12636184692382812,18
QualityOnly,no_failure,0,0,0.0002,1,0.2429485321044922,19
QualityOnly,data_drift,1,0,0.0065,0,0.13208389282226562,0
QualityOnly,data_drift,1,0,0.0066,0,0.12254714965820312,1
QualityOnly,data_drift,1,0,0.0067,0,0.13947486877441406,2
QualityOnly,data_drift,1,0,0.0065,0,0.12183189392089844,3
QualityOnly,data_drift,1,0,0.0066,0,0.11873245239257812,4
QualityOnly,data_drift,1,0,0.0065,0,0.11873245239257812,5
QualityOnly,data_drift,1,0,0.0066,0,0.16450881958007812,6
QualityOnly,data_drift,1,0,0.0065,0,0.11849403381347656,7
QualityOnly,data_drift,1,0,0.0066,0,0.15020370483398438,8
QualityOnly,data_drift,1,0,0.0065,0,0.13208389282226562,9
QualityOnly,data_drift,1,0,0.0065,0,0.12826919555664062,10
QualityOnly,data_drift,1,0,0.0065,0,0.1220703125,11
QualityOnly,data_drift,1,0,0.0066,0,0.1544952392578125,12
QualityOnly,data_drift,1,0,0.0065,0,0.2353191375732422,13
QualityOnly,data_drift,1,0,0.0066,0,0.1690387725830078,14
QualityOnly,data_drift,1,0,0.0067,0,0.1919269561767578,15
QualityOnly,data_drift,1,0,0.0067,0,0.148773193359375,16
QualityOnly,data_drift,1,0,0.0065,0,0.1220703125,17
QualityOnly,data_drift,1,0,0.0066,0,0.11920928955078125,18
QualityOnly,data_drift,1,0,0.0066,0,0.11920928955078125,19
QualityOnly,noisy_features,1,1,0.1296,1,0.14138221740722656,0
QualityOnly,noisy_features,1,1,0.1298,1,0.11587142944335938,1
QualityOnly,noisy_features,1,1,0.13,1,0.13494491577148438,2
QualityOnly,noisy_features,1,1,0.1298,1,0.14734268188476562,3
QualityOnly,noisy_features,1,1,0.1297,1,0.1163482666015625,4
QualityOnly,noisy_features,1,1,0.1299,1,0.1316070556640625,5
QualityOnly,noisy_features,1,1,0.1299,1,0.12350082397460938,6
QualityOnly,noisy_features,1,1,0.1298,1,0.11849403381347656,7
QualityOnly,noisy_features,1,1,0.1296,1,0.11944770812988281,8
QualityOnly,noisy_features,1,1,0.1296,1,0.12969970703125,9
QualityOnly,noisy_features,1,1,0.1297,1,0.2262592315673828,10
QualityOnly,noisy_features,1,1,0.1297,1,0.12469291687011719,11
QualityOnly,noisy_features,1,1,0.1298,1,0.12540817260742188,12
QualityOnly,noisy_features,1,1,0.1295,1,0.12135505676269531,13
QualityOnly,noisy_features,1,1,0.1295,1,0.13780593872070312,14
QualityOnly,noisy_features,1,1,0.1298,1,0.11801719665527344,15
QualityOnly,noisy_features,1,1,0.13,1,0.11658668518066406,16
QualityOnly,noisy_features,1,1,0.1297,1,0.11730194091796875,17
QualityOnly,noisy_features,1,1,0.1298,1,0.14972686767578125,18
QualityOnly,noisy_features,1,1,0.1299,1,0.11754035949707031,19
QualityOnly,missing_data,1,0,0.0002,0,0.2548694610595703,0
QualityOnly,missing_data,1,0,0.0002,0,0.2086162567138672,1
QualityOnly,missing_data,1,0,0.0002,0,0.2505779266357422,2
QualityOnly,missing_data,1,0,0.0002,0,0.22649765014648438,3
QualityOnly,missing_data,1,0,0.0002,0,0.23555755615234375,4
QualityOnly,missing_data,1,0,0.0002,0,0.255584716796875,5
QualityOnly,missing_data,1,0,0.0002,0,0.2818107604980469,6
QualityOnly,missing_data,1,0,0.0002,0,0.2491474151611328,7
QualityOnly,missing_data,1,0,0.0002,0,0.23126602172851562,8
QualityOnly,missing_data,1,0,0.0002,0,0.1919269561767578,9
QualityOnly,missing_data,1,0,0.0002,0,0.1704692840576172,10
QualityOnly,missing_data,1,0,0.0002,0,0.12636184692382812,11
QualityOnly,missing_data,1,0,0.0002,0,0.12302398681640625,12
QualityOnly,missing_data,1,0,0.0002,0,0.13113021850585938,13
QualityOnly,missing_data,1,0,0.0002,0,0.12183189392089844,14
QualityOnly,missing_data,1,0,0.0002,0,0.11730194091796875,15
QualityOnly,missing_data,1,0,0.0002,0,0.21409988403320312,16
QualityOnly,missing_data,1,0,0.0002,0,0.12183189392089844,17
QualityOnly,missing_data,1,0,0.0002,0,0.11658668518066406,18
QualityOnly,missing_data,1,0,0.0002,0,0.12135505676269531,19
QualityOnly,ood_samples,1,1,0.2,1,0.11539459228515625,0
QualityOnly,ood_samples,1,1,0.2,1,0.1418590545654297,1
QualityOnly,ood_samples,1,1,0.2,1,0.11324882507324219,2
QualityOnly,ood_samples,1,1,0.2,1,0.11396408081054688,3
QualityOnly,ood_samples,1,1,0.2,1,0.11277198791503906,4
QualityOnly,ood_samples,1,1,0.2,1,0.21791458129882812,5
QualityOnly,ood_samples,1,1,0.2,1,0.12469291687011719,6
QualityOnly,ood_samples,1,1,0.2,1,0.11968612670898438,7
QualityOnly,ood_samples,1,1,0.2,1,0.1163482666015625,8
QualityOnly,ood_samples,1,1,0.2,1,0.1361370086669922,9
QualityOnly,ood_samples,1,1,0.2,1,0.11324882507324219,10
QualityOnly,ood_samples,1,1,0.2,1,0.1125335693359375,11
QualityOnly,ood_samples,1,1,0.2,1,0.1323223114013672,12
QualityOnly,ood_samples,1,1,0.2,1,0.11348724365234375,13
QualityOnly,ood_samples,1,1,0.2,1,0.11396408081054688,14
QualityOnly,ood_samples,1,1,0.2,1,0.11229515075683594,15
QualityOnly,ood_samples,1,1,0.2,1,0.11777877807617188,16
QualityOnly,ood_samples,1,1,0.2,1,0.14257431030273438,17
QualityOnly,ood_samples,1,1,0.2,1,0.12111663818359375,18
QualityOnly,ood_samples,1,1,0.2,1,0.11515617370605469,19
QualityOnly,corrupted_data,1,1,0.0727,1,0.11682510375976562,0
QualityOnly,corrupted_data,1,1,0.0727,1,0.20575523376464844,1
QualityOnly,corrupted_data,1,1,0.0727,1,0.1266002655029297,2
QualityOnly,corrupted_data,1,1,0.0727,1,0.11801719665527344,3
QualityOnly,corrupted_data,1,1,0.0727,1,0.1499652862548828,4
QualityOnly,corrupted_data,1,1,0.0727,1,0.11706352233886719,5
QualityOnly,corrupted_data,1,1,0.0727,1,0.11539459228515625,6
QualityOnly,corrupted_data,1,1,0.0727,1,0.12302398681640625,7
QualityOnly,corrupted_data,1,1,0.0727,1,0.1373291015625,8
QualityOnly,corrupted_data,1,1,0.0727,1,0.118255615234375,9
QualityOnly,corrupted_data,1,1,0.0727,1,0.11324882507324219,10
QualityOnly,corrupted_data,1,1,0.0727,1,0.11372566223144531,11
QualityOnly,corrupted_data,1,1,0.0727,1,0.11730194091796875,12
QualityOnly,corrupted_data,1,1,0.0727,1,0.1163482666015625,13
QualityOnly,corrupted_data,1,1,0.0727,1,0.11348724365234375,14
QualityOnly,corrupted_data,1,1,0.0727,1,0.11610984802246094,15
QualityOnly,corrupted_data,1,1,0.0727,1,0.11205673217773438,16
QualityOnly,corrupted_data,1,1,0.0727,1,0.12636184692382812,17
QualityOnly,corrupted_data,1,1,0.0727,1,0.15354156494140625,18
QualityOnly,corrupted_data,1,1,0.0727,1,0.13780593872070312,19
OODOnly,no_failure,0,1,1.0,0,0.3879070281982422,0
OODOnly,no_failure,0,1,1.0,0,0.36025047302246094,1
OODOnly,no_failure,0,1,1.0,0,0.3516674041748047,2
OODOnly,no_failure,0,1,1.0,0,0.3666877746582031,3
OODOnly,no_failure,0,1,1.0,0,0.3490447998046875,4
OODOnly,no_failure,0,1,1.0,0,0.4608631134033203,5
OODOnly,no_failure,0,1,1.0,0,0.3571510314941406,6
OODOnly,no_failure,0,1,1.0,0,0.3495216369628906,7
OODOnly,no_failure,0,1,1.0,0,0.3788471221923828,8
OODOnly,no_failure,0,1,1.0,0,0.34546852111816406,9
OODOnly,no_failure,0,1,1.0,0,0.4134178161621094,10
OODOnly,no_failure,0,1,1.0,0,0.36215782165527344,11
OODOnly,no_failure,0,1,1.0,0,0.3521442413330078,12
OODOnly,no_failure,0,1,1.0,0,0.36454200744628906,13
OODOnly,no_failure,0,1,1.0,0,0.4565715789794922,14
OODOnly,no_failure,0,1,1.0,0,0.34880638122558594,15
OODOnly,no_failure,0,1,1.0,0,0.3466606140136719,16
OODOnly,no_failure,0,1,1.0,0,0.34499168395996094,17
OODOnly,no_failure,0,1,1.0,0,0.36144256591796875,18
OODOnly,no_failure,0,1,1.0,0,0.36263465881347656,19
OODOnly,data_drift,1,1,1.0,1,0.3459453582763672,0
OODOnly,data_drift,1,1,1.0,1,0.34427642822265625,1
OODOnly,data_drift,1,1,1.0,1,0.3800392150878906,2
OODOnly,data_drift,1,1,1.0,1,0.3447532653808594,3
OODOnly,data_drift,1,1,1.0,1,0.4513263702392578,4
OODOnly,data_drift,1,1,1.0,1,0.3592967987060547,5
OODOnly,data_drift,1,1,1.0,1,0.3616809844970703,6
OODOnly,data_drift,1,1,1.0,1,0.3485679626464844,7
OODOnly,data_drift,1,1,1.0,1,0.36525726318359375,8
OODOnly,data_drift,1,1,1.0,1,0.40984153747558594,9
OODOnly,data_drift,1,1,1.0,1,0.3514289855957031,10
OODOnly,data_drift,1,1,1.0,1,0.36215782165527344,11
OODOnly,data_drift,1,1,1.0,1,0.3504753112792969,12
OODOnly,data_drift,1,1,1.0,1,0.3933906555175781,13
OODOnly,data_drift,1,1,1.0,1,0.38623809814453125,14
OODOnly,data_drift,1,1,1.0,1,0.37670135498046875,15
OODOnly,data_drift,1,1,1.0,1,0.3457069396972656,16
OODOnly,data_drift,1,1,1.0,1,0.3974437713623047,17
OODOnly,data_drift,1,1,1.0,1,0.36406517028808594,18
OODOnly,data_drift,1,1,1.0,1,0.37217140197753906,19
OODOnly,noisy_features,1,1,1.0,1,0.3516674041748047,0
OODOnly,noisy_features,1,1,1.0,1,0.35834312438964844,1
OODOnly,noisy_features,1,1,1.0,1,0.3757476806640625,2
OODOnly,noisy_features,1,1,1.0,1,0.34999847412109375,3
OODOnly,noisy_features,1,1,1.0,1,0.3616809844970703,4
OODOnly,noisy_features,1,1,1.0,1,0.34689903259277344,5
OODOnly,noisy_features,1,1,1.0,1,0.36787986755371094,6
OODOnly,noisy_features,1,1,1.0,1,0.3719329833984375,7
OODOnly,noisy_features,1,1,1.0,1,0.3821849822998047,8
OODOnly,noisy_features,1,1,1.0,1,0.4112720489501953,9
OODOnly,noisy_features,1,1,1.0,1,0.37598609924316406,10
OODOnly,noisy_features,1,1,1.0,1,0.3516674041748047,11
OODOnly,noisy_features,1,1,1.0,1,0.3502368927001953,12
OODOnly,noisy_features,1,1,1.0,1,0.3535747528076172,13
OODOnly,noisy_features,1,1,1.0,1,0.3986358642578125,14
OODOnly,noisy_features,1,1,1.0,1,0.3705024719238281,15
OODOnly,noisy_features,1,1,1.0,1,0.36406517028808594,16
OODOnly,noisy_features,1,1,1.0,1,0.36072731018066406,17
OODOnly,noisy_features,1,1,1.0,1,0.34737586975097656,18
OODOnly,noisy_features,1,1,1.0,1,0.3600120544433594,19
OODOnly,missing_data,1,1,1.0,1,0.3616809844970703,0
OODOnly,missing_data,1,1,1.0,1,0.36334991455078125,1
OODOnly,missing_data,1,1,1.0,1,0.43511390686035156,2
OODOnly,missing_data,1,1,1.0,1,0.3952980041503906,3
OODOnly,missing_data,1,1,1.0,1,0.39577484130859375,4
OODOnly,missing_data,1,1,1.0,1,0.37980079650878906,5
OODOnly,missing_data,1,1,1.0,1,0.35119056701660156,6
OODOnly,missing_data,1,1,1.0,1,0.5855560302734375,7
OODOnly,missing_data,1,1,1.0,1,0.5962848663330078,8
OODOnly,missing_data,1,1,1.0,1,0.5514621734619141,9
OODOnly,missing_data,1,1,1.0,1,0.36644935607910156,10
OODOnly,missing_data,1,1,1.0,1,0.3695487976074219,11
OODOnly,missing_data,1,1,1.0,1,0.48732757568359375,12
OODOnly,missing_data,1,1,1.0,1,0.5588531494140625,13
OODOnly,missing_data,1,1,1.0,1,0.5345344543457031,14
OODOnly,missing_data,1,1,1.0,1,0.5583763122558594,15
OODOnly,missing_data,1,1,1.0,1,0.5717277526855469,16
OODOnly,missing_data,1,1,1.0,1,0.5483627319335938,17
OODOnly,missing_data,1,1,1.0,1,0.5638599395751953,18
OODOnly,missing_data,1,1,1.0,1,0.38695335388183594,19
OODOnly,ood_samples,1,1,1.0,1,0.35500526428222656,0
OODOnly,ood_samples,1,1,1.0,1,0.35071372985839844,1
OODOnly,ood_samples,1,1,1.0,1,0.5118846893310547,2
OODOnly,ood_samples,1,1,1.0,1,0.3604888916015625,3
OODOnly,ood_samples,1,1,1.0,1,0.3504753112792969,4
OODOnly,ood_samples,1,1,1.0,1,0.4119873046875,5
OODOnly,ood_samples,1,1,1.0,1,0.4239082336425781,6
OODOnly,ood_samples,1,1,1.0,1,0.35119056701660156,7
OODOnly,ood_samples,1,1,1.0,1,0.34546852111816406,8
OODOnly,ood_samples,1,1,1.0,1,0.34546852111816406,9
OODOnly,ood_samples,1,1,1.0,1,0.3681182861328125,10
OODOnly,ood_samples,1,1,1.0,1,0.35762786865234375,11
OODOnly,ood_samples,1,1,1.0,1,0.36454200744628906,12
OODOnly,ood_samples,1,1,1.0,1,0.34546852111816406,13
OODOnly,ood_samples,1,1,1.0,1,0.3459453582763672,14
OODOnly,ood_samples,1,1,1.0,1,0.3437995910644531,15
OODOnly,ood_samples,1,1,1.0,1,0.5803108215332031,16
OODOnly,ood_samples,1,1,1.0,1,0.5567073822021484,17
OODOnly,ood_samples,1,1,1.0,1,0.37169456481933594,18
OODOnly,ood_samples,1,1,1.0,1,0.5316734313964844,19
OODOnly,corrupted_data,1,1,1.0,1,0.5495548248291016,0
OODOnly,corrupted_data,1,1,1.0,1,0.5726814270019531,1
OODOnly,corrupted_data,1,1,1.0,1,0.5674362182617188,2
OODOnly,corrupted_data,1,1,1.0,1,0.6413459777832031,3
OODOnly,corrupted_data,1,1,1.0,1,0.7004737854003906,4
OODOnly,corrupted_data,1,1,1.0,1,0.4260540008544922,5
OODOnly,corrupted_data,1,1,1.0,1,0.35881996154785156,6
OODOnly,corrupted_data,1,1,1.0,1,0.3502368927001953,7
OODOnly,corrupted_data,1,1,1.0,1,0.354766845703125,8
OODOnly,corrupted_data,1,1,1.0,1,0.4115104675292969,9
OODOnly,corrupted_data,1,1,1.0,1,0.4115104675292969,10
OODOnly,corrupted_data,1,1,1.0,1,0.3514289855957031,11
OODOnly,corrupted_data,1,1,1.0,1,0.3476142883300781,12
OODOnly,corrupted_data,1,1,1.0,1,0.347137451171875,13
OODOnly,corrupted_data,1,1,1.0,1,0.37932395935058594,14
OODOnly,corrupted_data,1,1,1.0,1,0.3600120544433594,15
OODOnly,corrupted_data,1,1,1.0,1,0.4336833953857422,16
OODOnly,corrupted_data,1,1,1.0,1,0.35691261291503906,17
OODOnly,corrupted_data,1,1,1.0,1,0.3643035888671875,18
OODOnly,corrupted_data,1,1,1.0,1,0.37860870361328125,19
